<catalog>
   <book>
      <author>Gambardella, Matthew</author>
      <title>XML Developer's Guide</title>
      <genre>Computer</genre>
      <price>44.95</price>
      <date>2000-10-01</date>
      <description>An in-depth look at creating applications 
      with XML.</description>
   </book>
   <book>
      <author>Ralls, Kim</author>
      <title>Midnight Rain</title>
      <genre>Fantasy</genre>
      <price>5.95</price>
      <date>2000-12-16</date>
      <description>A former architect battles corporate zombies, 
      an evil sorceress, and her own childhood to become queen 
      of the world.</description>
   </book>
   <book>
      <author>Corets, Eva</author>
      <title>Maeve Ascendant</title>
      <genre>Fantasy</genre>
      <price>5.95</price>
      <date>2000-11-17</date>
      <description>After the collapse of a nanotechnology 
      society in England, the young survivors lay the 
      foundation for a new society.</description>
   </book>
   <book>
      <author>Corets, Eva</author>
      <title>Oberon's Legacy</title>
      <genre>Fantasy</genre>
      <price>5.95</price>
      <date>2001-03-10</date>
      <description>In post-apocalypse England, the mysterious 
      agent known only as Oberon helps to create a new life 
      for the inhabitants of London. Sequel to Maeve 
      Ascendant.</description>
   </book>
   <book>
      <author>Corets, Eva</author>
      <title>The Sundered Grail</title>
      <price>5.95</price>
      <date>2001-09-10</date>
      <description>The two daughters of Maeve, half-sisters, 
      battle one another for control of England. Sequel to 
      Oberon's Legacy.</description>
   </book>
</catalog>