<?xml version="1.0" encoding="UTF-8"?>
<project-private xmlns="http://www.netbeans.org/ns/project-private/1">
    <editor-bookmarks xmlns="http://www.netbeans.org/ns/editor-bookmarks/2" lastBookmarkId="1">
        <file>
            <url>src/robotwars/Soldier.java</url>
            <bookmark id="1">
                <name/>
                <line>0</line>
                <key/>
            </bookmark>
        </file>
    </editor-bookmarks>
    <open-files xmlns="http://www.netbeans.org/ns/projectui-open-files/2">
        <group>
            <file>file:/C:/Users/anton/OneDrive/Έγγραφα/GitHub/ROBO_WARS_PROJECT/RobotWars/src/robotwars/Main.java</file>
            <file>file:/C:/Users/anton/OneDrive/Έγγραφα/GitHub/ROBO_WARS_PROJECT/RobotWars/src/robotwars/Game.java</file>
            <file>file:/C:/Users/anton/OneDrive/Έγγραφα/GitHub/ROBO_WARS_PROJECT/RobotWars/src/robotwars/Soldier.java</file>
            <file>file:/C:/Users/anton/OneDrive/Έγγραφα/GitHub/ROBO_WARS_PROJECT/RobotWars/src/robotwars/Actor.java</file>
            <file>file:/C:/Users/anton/OneDrive/Έγγραφα/GitHub/ROBO_WARS_PROJECT/RobotWars/src/robotwars/Room.java</file>
            <file>file:/C:/Users/anton/OneDrive/Έγγραφα/GitHub/ROBO_WARS_PROJECT/RobotWars/src/robotwars/Robot.java</file>
            <file>file:/C:/Users/anton/OneDrive/Έγγραφα/GitHub/ROBO_WARS_PROJECT/RobotWars/src/robotwars/Colony.java</file>
        </group>
    </open-files>
</project-private>
